"Var1","Freq"
"and",0.0366747710737874
"in",0.0215977792061407
"the",0.0212996860706667
