"Var1","Freq"
"and",0.0275521123286119
"in",0.016212909656407
"the",0.0161945749174103
